"","Region","increment","DA","VSL","econ.bns","net.econ.pc"
"1","Central and Eastern Europe",17.36,2367.99589141152,122.334622441263,289.687883318291,1112.91994047422
"2","Central Asia, Middle East and North Africa",9.1,2802.33399257281,74.1216565300228,207.713637679889,347.98968967728
"3","East and South East Asia",78.68,16612.4351440164,111.273336848177,1848.52109164863,844.213001386041
"4","Latin America and Caribbean",75.25,4219.33205274393,127.802873027519,539.242758597771,750.688258923258
"5","Oceania",0.91,100.885325764462,37.8209681379167,3.81558069132108,262.718714337452
"6","South Asia",31.57,16135.1583698802,23.5250390204518,379.580230252601,191.684935128323
"7","Sub-Saharan Africa",14.63,4190.97840964591,20.7201202147873,86.8375764654413,67.6660479909729
"8","All",227.57,46429.1191860352,68.5667469566588,3183.49366664943,460.160457504509
