"","Region","total_cost_base","total_cost_adjust","increment","increment_pc","DA","net.econ.pc","benefit.cost.ratio"
"1","Latin America and Caribbean",27.18,37.93,10.75,16.6465248361691,4219.33205274393,750.688258923258,6.44
"2","Central and Eastern Europe",6.23,8.71,2.48,7.67062155562995,2367.99589141152,1112.91994047422,20.73
"3","Central Asia, Middle East and North Africa",2.35,3.66,1.3,2.08552886716385,2802.33399257281,347.98968967728,23.84
"4","Sub-Saharan Africa",2.4,4.49,2.09,1.88692410824551,4190.97840964591,67.6660479909729,5.12
"5","South Asia",6.39,10.9,4.51,2.48698220321932,16135.1583698802,191.684935128323,11.01
"6","East and South East Asia",26.34,37.58,11.24,5.25844990279737,16612.4351440164,844.213001386041,22.93
"7","Oceania",0.21,0.34,0.13,12.2228963619677,100.885325764462,262.718714337452,3.07
"8","All",71.1,103.62,32.51,4.88017354355866,46429.1191860352,460.160457504509,13.47
