"","Region","increment","DA","VSL","econ.bns","net.econ.pc"
"1","Central and Eastern Europe",11.97,3148.18727366873,122.334622441263,385.132301498654,1524.99906109765
"2","Central Asia, Middle East and North Africa",7.14,4503.16428204916,74.1216565300228,333.781996212314,572.307361293549
"3","East and South East Asia",81.06,25280.5682784412,111.273336848177,2813.05318976033,1303.15890018429
"4","Latin America and Caribbean",40.95,7047.62413928227,127.802873027519,900.706613018366,1390.98980095077
"5","Oceania",0.56,160.965853238679,37.8209681379167,6.08788440663264,499.823903928915
"6","South Asia",22.4,27181.0523779888,23.5250390204518,639.435317809132,339.864649324467
"7","Sub-Saharan Africa",10.08,6809.53194849462,20.7201202147873,141.094320579243,122.774115096671
"8","All",174.09,74131.0941531634,68.5667469566588,5082.92797442021,764.178437220994
